<domain application-root="${com.sun.aas.instanceRoot}/applications" version="215" log-root="${com.sun.aas.instanceRoot}/logs">
  <security-configurations>
    <authentication-service default="true" name="adminAuth" use-password-credential="true">
      <security-provider provider-name="adminSpc" name="spcrealm" type="LoginModule">
        <login-module-config control-flag="sufficient" module-class="com.sun.enterprise.admin.util.AdminLoginModule" name="adminSpecialLM">
          <property name="config" value="server-config"></property>
          <property name="auth-realm" value="admin-realm"></property>
        </login-module-config>
      </security-provider>
      <security-provider provider-name="adminFile" name="filerealm" type="LoginModule">
        <login-module-config control-flag="sufficient" module-class="com.sun.enterprise.security.auth.login.FileLoginModule" name="adminFileLM">
          <property name="config" value="server-config"></property>
          <property name="auth-realm" value="admin-realm"></property>
        </login-module-config>
      </security-provider>
    </authentication-service>
    <authorization-service default="true" name="authorizationService">
      <security-provider provider-name="simpleAuthorizationProvider" name="simpleAuthorization" type="Simple">
        <authorization-provider-config name="simpleAuthorizationProviderConfig" support-policy-deploy="false"></authorization-provider-config>
      </security-provider>
    </authorization-service>
  </security-configurations>
  <managed-job-config></managed-job-config>
  <system-applications>
    <application context-root="" object-type="system-admin" directory-deployed="true" name="__admingui" location="${com.sun.aas.installRootURI}/lib/install/applications/__admingui">
      <module name="__admingui">
        <engine sniffer="web"></engine>
        <engine sniffer="security"></engine>
      </module>
    </application>
  </system-applications>
  <resources>
    <jdbc-resource pool-name="SamplePool" jndi-name="jdbc/sample"></jdbc-resource>
    <jdbc-resource pool-name="__TimerPool" object-type="system-admin" jndi-name="jdbc/__TimerPool"></jdbc-resource>
    <jdbc-resource pool-name="DerbyPool" object-type="system-all" jndi-name="jdbc/__default"></jdbc-resource>
    <jdbc-connection-pool datasource-classname="org.apache.derby.jdbc.EmbeddedXADataSource" name="__TimerPool" res-type="javax.sql.XADataSource">
      <property name="databaseName" value="${com.sun.aas.instanceRoot}/lib/databases/ejbtimer"></property>
      <property name="connectionAttributes" value=";create=true"></property>
    </jdbc-connection-pool>
    <jdbc-connection-pool is-isolation-level-guaranteed="false" datasource-classname="org.apache.derby.jdbc.ClientDataSource" name="DerbyPool" res-type="javax.sql.DataSource">
      <property name="PortNumber" value="1527"></property>
      <property name="Password" value="APP"></property>
      <property name="User" value="APP"></property>
      <property name="serverName" value="localhost"></property>
      <property name="DatabaseName" value="sun-appserv-samples"></property>
      <property name="connectionAttributes" value=";create=true"></property>
    </jdbc-connection-pool>
    <jdbc-connection-pool is-isolation-level-guaranteed="false" datasource-classname="org.apache.derby.jdbc.ClientDataSource" name="SamplePool" res-type="javax.sql.DataSource">
      <property name="User" value="app"></property>
      <property name="DatabaseName" value="sample"></property>
      <property name="serverName" value="localhost"></property>
      <property name="PortNumber" value="1527"></property>
      <property name="URL" value="jdbc:derby://localhost:1527/sample"></property>
      <property name="Password" value="app"></property>
    </jdbc-connection-pool>
    <connector-connection-pool max-pool-size="250" resource-adapter-name="jmsra" steady-pool-size="1" name="jms/__defaultConnectionFactory-Connection-Pool" connection-definition-name="javax.jms.ConnectionFactory"></connector-connection-pool>
    <connector-resource pool-name="jms/__defaultConnectionFactory-Connection-Pool" object-type="system-all-req" jndi-name="jms/__defaultConnectionFactory"></connector-resource>
    <context-service object-type="system-all" jndi-name="concurrent/__defaultContextService"></context-service>
    <managed-executor-service object-type="system-all" jndi-name="concurrent/__defaultManagedExecutorService"></managed-executor-service>
    <managed-scheduled-executor-service object-type="system-all" jndi-name="concurrent/__defaultManagedScheduledExecutorService"></managed-scheduled-executor-service>
    <managed-thread-factory object-type="system-all" jndi-name="concurrent/__defaultManagedThreadFactory"></managed-thread-factory>
    <jdbc-connection-pool datasource-classname="com.mysql.jdbc.jdbc2.optional.MysqlConnectionPoolDataSource" name="NotesPool" res-type="javax.sql.ConnectionPoolDataSource">
      <property name="SelfDestructOnPingSecondsLifetime" value="0"></property>
      <property name="UseUsageAdvisor" value="false"></property>
      <property name="AllowSlaveDownConnections" value="false"></property>
      <property name="LoadBalanceBlacklistTimeout" value="0"></property>
      <property name="QueryTimeoutKillsConnection" value="false"></property>
      <property name="CacheServerConfiguration" value="false"></property>
      <property name="RoundRobinLoadBalance" value="false"></property>
      <property name="UseCursorFetch" value="false"></property>
      <property name="JdbcCompliantTruncation" value="true"></property>
      <property name="UseOnlyServerErrorMessages" value="true"></property>
      <property name="AllowPublicKeyRetrieval" value="false"></property>
      <property name="DefaultAuthenticationPlugin" value="com.mysql.jdbc.authentication.MysqlNativePasswordPlugin"></property>
      <property name="DontTrackOpenResources" value="false"></property>
      <property name="UseInformationSchema" value="false"></property>
      <property name="UseNanosForElapsedTime" value="false"></property>
      <property name="UseCompression" value="false"></property>
      <property name="EnableEscapeProcessing" value="true"></property>
      <property name="PasswordCharacterEncoding" value="UTF-8"></property>
      <property name="AutoDeserialize" value="false"></property>
      <property name="TcpRcvBuf" value="0"></property>
      <property name="CallableStatementCacheSize" value="100"></property>
      <property name="AutoSlowLog" value="true"></property>
      <property name="IgnoreNonTxTables" value="false"></property>
      <property name="UseJDBCCompliantTimezoneShift" value="false"></property>
      <property name="AllowNanAndInf" value="false"></property>
      <property name="TcpSndBuf" value="0"></property>
      <property name="ContinueBatchOnError" value="true"></property>
      <property name="Logger" value="com.mysql.jdbc.log.StandardLogger"></property>
      <property name="MaxAllowedPacket" value="-1"></property>
      <property name="PrepStmtCacheSqlLimit" value="256"></property>
      <property name="AllowMultiQueries" value="false"></property>
      <property name="StrictFloatingPoint" value="false"></property>
      <property name="PreparedStatementCacheSqlLimit" value="256"></property>
      <property name="CachePreparedStatements" value="false"></property>
      <property name="InitialTimeout" value="2"></property>
      <property name="UseUnicode" value="true"></property>
      <property name="AutoClosePStmtStreams" value="false"></property>
      <property name="UseServerPrepStmts" value="false"></property>
      <property name="IncludeThreadNamesAsStatementComment" value="false"></property>
      <property name="PreparedStatementCacheSize" value="25"></property>
      <property name="CreateDatabaseIfNotExist" value="false"></property>
      <property name="RollbackOnPooledClose" value="true"></property>
      <property name="SocketFactoryClassName" value="com.mysql.jdbc.StandardSocketFactory"></property>
      <property name="LoadBalanceValidateConnectionOnSwapServer" value="false"></property>
      <property name="CompensateOnDuplicateKeyUpdateCounts" value="false"></property>
      <property name="EnablePacketDebug" value="false"></property>
      <property name="JdbcCompliantTruncationForReads" value="true"></property>
      <property name="PadCharsWithSpace" value="false"></property>
      <property name="NoAccessToProcedureBodies" value="false"></property>
      <property name="UseTimezone" value="false"></property>
      <property name="ClientCertificateKeyStoreType" value="JKS"></property>
      <property name="Port" value="3306"></property>
      <property name="ClientInfoProvider" value="com.mysql.jdbc.JDBC4CommentClientInfoProvider"></property>
      <property name="IsInteractiveClient" value="false"></property>
      <property name="CachePrepStmts" value="false"></property>
      <property name="ProfileSQL" value="false"></property>
      <property name="ProfileSql" value="false"></property>
      <property name="MaxQuerySizeToLog" value="2048"></property>
      <property name="LoadBalanceHostRemovalGracePeriod" value="15000"></property>
      <property name="TreatUtilDateAsTimestamp" value="true"></property>
      <property name="DynamicCalendars" value="false"></property>
      <property name="UseSSL" value="false"></property>
      <property name="DisconnectOnExpiredPasswords" value="true"></property>
      <property name="DontCheckOnDuplicateKeyUpdateInSQL" value="false"></property>
      <property name="TrustCertificateKeyStoreType" value="JKS"></property>
      <property name="MaxRows" value="-1"></property>
      <property name="SlowQueryThresholdMillis" value="2000"></property>
      <property name="ResultSetSizeThreshold" value="100"></property>
      <property name="UseBlobToStoreUTF8OutsideBMP" value="false"></property>
      <property name="TransformedBitIsBoolean" value="false"></property>
      <property name="Pedantic" value="false"></property>
      <property name="SocksProxyPort" value="1080"></property>
      <property name="UseUltraDevWorkAround" value="false"></property>
      <property name="EnableQueryTimeouts" value="true"></property>
      <property name="LogXaCommands" value="false"></property>
      <property name="PrepStmtCacheSize" value="25"></property>
      <property name="Password" value="password"></property>
      <property name="SelfDestructOnPingMaxOperations" value="0"></property>
      <property name="ZeroDateTimeBehavior" value="exception"></property>
      <property name="CallableStmtCacheSize" value="100"></property>
      <property name="SecondsBeforeRetryMaster" value="30"></property>
      <property name="EmulateLocators" value="false"></property>
      <property name="LoginTimeout" value="0"></property>
      <property name="GatherPerfMetrics" value="false"></property>
      <property name="RetriesAllDown" value="120"></property>
      <property name="DetectCustomCollations" value="false"></property>
      <property name="NoDatetimeStringSync" value="false"></property>
      <property name="LoadBalanceStrategy" value="random"></property>
      <property name="UseOldUTF8Behavior" value="false"></property>
      <property name="LoadBalanceAutoCommitStatementThreshold" value="0"></property>
      <property name="UltraDevHack" value="false"></property>
      <property name="UseFastIntParsing" value="true"></property>
      <property name="StrictUpdates" value="true"></property>
      <property name="EmptyStringsConvertToZero" value="true"></property>
      <property name="UseLocalSessionState" value="false"></property>
      <property name="LoggerClassName" value="com.mysql.jdbc.log.StandardLogger"></property>
      <property name="NullNamePatternMatchesAll" value="true"></property>
      <property name="PopulateInsertRowWithDefaultValues" value="false"></property>
      <property name="ProfilerEventHandler" value="com.mysql.jdbc.profiler.LoggingProfilerEventHandler"></property>
      <property name="UseStreamLengthsInPrepStmts" value="true"></property>
      <property name="RunningCTS13" value="false"></property>
      <property name="UseOldAliasMetadataBehavior" value="false"></property>
      <property name="ReadOnlyPropagatesToServer" value="true"></property>
      <property name="SocketFactory" value="com.mysql.jdbc.StandardSocketFactory"></property>
      <property name="MaxReconnects" value="3"></property>
      <property name="ReportMetricsIntervalMillis" value="30000"></property>
      <property name="BlobsAreStrings" value="false"></property>
      <property name="SendFractionalSeconds" value="true"></property>
      <property name="CacheResultSetMetadata" value="false"></property>
      <property name="Paranoid" value="false"></property>
      <property name="AllowUrlInLocalInfile" value="false"></property>
      <property name="NoTimezoneConversionForTimeType" value="false"></property>
      <property name="EmulateUnsupportedPstmts" value="true"></property>
      <property name="ReconnectAtTxEnd" value="false"></property>
      <property name="RequireSSL" value="false"></property>
      <property name="UseHostsInPrivileges" value="true"></property>
      <property name="UseSSPSCompatibleTimezoneShift" value="false"></property>
      <property name="UseReadAheadInput" value="true"></property>
      <property name="ParseInfoCacheFactory" value="com.mysql.jdbc.PerConnectionLRUFactory"></property>
      <property name="DefaultFetchSize" value="0"></property>
      <property name="URL" value="jdbc:mysql://localhost:3306/NotesDB"></property>
      <property name="Url" value="jdbc:mysql://localhost:3306/NotesDB"></property>
      <property name="AllowMasterDownConnections" value="false"></property>
      <property name="CacheDefaultTimezone" value="true"></property>
      <property name="QueriesBeforeRetryMaster" value="50"></property>
      <property name="FunctionsNeverReturnBlobs" value="false"></property>
      <property name="DumpQueriesOnException" value="false"></property>
      <property name="LoadBalanceExceptionChecker" value="com.mysql.jdbc.StandardLoadBalanceExceptionChecker"></property>
      <property name="VerifyServerCertificate" value="true"></property>
      <property name="NetTimeoutForStreamingResults" value="600"></property>
      <property name="ProcessEscapeCodesForPrepStmts" value="true"></property>
      <property name="UseAffectedRows" value="false"></property>
      <property name="GatherPerformanceMetrics" value="false"></property>
      <property name="TinyInt1isBit" value="true"></property>
      <property name="MetadataCacheSize" value="50"></property>
      <property name="RewriteBatchedStatements" value="false"></property>
      <property name="CacheCallableStatements" value="false"></property>
      <property name="GetProceduresReturnsFunctions" value="true"></property>
      <property name="UseGmtMillisForDatetimes" value="false"></property>
      <property name="CapitalizeTypeNames" value="true"></property>
      <property name="ServerConfigCacheFactory" value="com.mysql.jdbc.PerVmServerConfigCacheFactory"></property>
      <property name="NoTimezoneConversionForDateType" value="true"></property>
      <property name="TcpTrafficClass" value="0"></property>
      <property name="AutoGenerateTestcaseScript" value="false"></property>
      <property name="CacheCallableStmts" value="false"></property>
      <property name="FailOverReadOnly" value="true"></property>
      <property name="LoadBalancePingTimeout" value="0"></property>
      <property name="LocatorFetchBufferSize" value="1048576"></property>
      <property name="RelaxAutoCommit" value="false"></property>
      <property name="UseFastDateParsing" value="true"></property>
      <property name="LoadBalanceEnableJMX" value="false"></property>
      <property name="OverrideSupportsIntegrityEnhancementFacility" value="false"></property>
      <property name="HoldResultsOpenOverStatementClose" value="false"></property>
      <property name="InteractiveClient" value="false"></property>
      <property name="UseJvmCharsetConverters" value="false"></property>
      <property name="PortNumber" value="3306"></property>
      <property name="UseDynamicCharsetInfo" value="true"></property>
      <property name="LogSlowQueries" value="false"></property>
      <property name="IncludeThreadDumpInDeadlockExceptions" value="false"></property>
      <property name="User" value="root"></property>
      <property name="ReplicationEnableJMX" value="false"></property>
      <property name="SlowQueryThresholdNanos" value="0"></property>
      <property name="UseDirectRowUnpack" value="true"></property>
      <property name="UseSqlStateCodes" value="true"></property>
      <property name="IncludeInnodbStatusInDeadlockExceptions" value="false"></property>
      <property name="MaintainTimeStats" value="true"></property>
      <property name="PinGlobalTxToPhysicalConnection" value="false"></property>
      <property name="TcpNoDelay" value="true"></property>
      <property name="TraceProtocol" value="false"></property>
      <property name="AlwaysSendSetIsolation" value="true"></property>
      <property name="NullCatalogMeansCurrent" value="true"></property>
      <property name="YearIsDateType" value="true"></property>
      <property name="SocketTimeout" value="0"></property>
      <property name="UseServerPreparedStmts" value="false"></property>
      <property name="UseLocalTransactionState" value="false"></property>
      <property name="GenerateSimpleParameterMetadata" value="false"></property>
      <property name="ExplainSlowQueries" value="false"></property>
      <property name="UseColumnNamesInFindColumn" value="false"></property>
      <property name="ConnectTimeout" value="0"></property>
      <property name="ElideSetAutoCommits" value="false"></property>
      <property name="PacketDebugBufferSize" value="20"></property>
      <property name="RetainStatementAfterResultSetClose" value="false"></property>
      <property name="DumpMetadataOnColumnNotFound" value="false"></property>
      <property name="BlobSendChunkSize" value="1048576"></property>
      <property name="UseLegacyDatetimeCode" value="true"></property>
      <property name="UseUnbufferedInput" value="true"></property>
      <property name="AllowLoadLocalInfile" value="true"></property>
      <property name="ReadFromMasterWhenNoSlaves" value="false"></property>
      <property name="AutoReconnectForPools" value="false"></property>
      <property name="TcpKeepAlive" value="true"></property>
      <property name="ClobberStreamingResults" value="false"></property>
    </jdbc-connection-pool>
    <jdbc-resource pool-name="NotesPool" jndi-name="jdbc/NotesDB"></jdbc-resource>
  </resources>
  <servers>
    <server config-ref="server-config" name="server">
      <application-ref ref="__admingui" virtual-servers="__asadmin"></application-ref>
      <application-ref ref="Week_11_Demo_-_JavaMail" virtual-servers="server"></application-ref>
      <application-ref ref="Assignment4" virtual-servers="server"></application-ref>
      <application-ref ref="demo-ear" virtual-servers="server"></application-ref>
      <resource-ref ref="jdbc/__TimerPool"></resource-ref>
      <resource-ref ref="jdbc/__default"></resource-ref>
      <resource-ref ref="jdbc/sample"></resource-ref>
      <resource-ref ref="jms/__defaultConnectionFactory"></resource-ref>
      <resource-ref ref="concurrent/__defaultContextService"></resource-ref>
      <resource-ref ref="concurrent/__defaultManagedExecutorService"></resource-ref>
      <resource-ref ref="concurrent/__defaultManagedScheduledExecutorService"></resource-ref>
      <resource-ref ref="concurrent/__defaultManagedThreadFactory"></resource-ref>
      <resource-ref ref="jdbc/NotesDB"></resource-ref>
    </server>
  </servers>
  <nodes>
    <node name="localhost-domain1" install-dir="${com.sun.aas.productRoot}" type="CONFIG" node-host="localhost"></node>
  </nodes>
  <configs>
    <config name="server-config">
      <system-property name="JMS_PROVIDER_PORT" description="Port Number that JMS Service will listen for remote clients connection." value="7676"></system-property>
      <http-service>
        <access-log></access-log>
        <virtual-server network-listeners="http-listener-1,http-listener-2" id="server"></virtual-server>
        <virtual-server network-listeners="admin-listener" id="__asadmin"></virtual-server>
      </http-service>
      <iiop-service>
        <orb use-thread-pool-ids="thread-pool-1"></orb>
        <iiop-listener address="0.0.0.0" port="3700" lazy-init="true" id="orb-listener-1"></iiop-listener>
        <ssl></ssl>
        <iiop-listener address="0.0.0.0" port="3820" id="SSL" security-enabled="true">
          <ssl classname="com.sun.enterprise.security.ssl.GlassfishSSLImpl" cert-nickname="s1as"></ssl>
        </iiop-listener>
        <iiop-listener address="0.0.0.0" port="3920" id="SSL_MUTUALAUTH" security-enabled="true">
          <ssl classname="com.sun.enterprise.security.ssl.GlassfishSSLImpl" cert-nickname="s1as" client-auth-enabled="true"></ssl>
        </iiop-listener>
      </iiop-service>
      <admin-service system-jmx-connector-name="system" type="das-and-server">
        <jmx-connector address="0.0.0.0" port="8686" name="system" auth-realm-name="admin-realm" security-enabled="false"></jmx-connector>
        <property name="adminConsoleContextRoot" value="/admin"></property>
        <property name="adminConsoleDownloadLocation" value="${com.sun.aas.installRoot}/lib/install/applications/admingui.war"></property>
        <property name="ipsRoot" value="${com.sun.aas.installRoot}/.."></property>
        <das-config></das-config>
      </admin-service>
      <connector-service></connector-service>
      <transaction-service tx-log-dir="${com.sun.aas.instanceRoot}/logs"></transaction-service>
      <hazelcast-runtime-configuration></hazelcast-runtime-configuration>
      <asadmin-recorder-configuration></asadmin-recorder-configuration>
      <request-tracing-service-configuration>
        <log-notifier></log-notifier>
      </request-tracing-service-configuration>
      <notification-service-configuration>
        <log-notifier-configuration></log-notifier-configuration>
      </notification-service-configuration>
      <batch-runtime-configuration></batch-runtime-configuration>
      <phone-home-runtime-configuration></phone-home-runtime-configuration>
      <jms-service default-jms-host="default_JMS_host" type="EMBEDDED">
        <jms-host port="${JMS_PROVIDER_PORT}" host="localhost" name="default_JMS_host"></jms-host>
      </jms-service>
      <cdi-service></cdi-service>
      <web-container>
        <session-config>
          <session-manager>
            <store-properties></store-properties>
            <manager-properties></manager-properties>
          </session-manager>
          <session-properties></session-properties>
        </session-config>
      </web-container>
      <ejb-container>
        <ejb-timer-service></ejb-timer-service>
      </ejb-container>
      <rest-config></rest-config>
      <diagnostic-service></diagnostic-service>
      <security-service activate-default-principal-to-role-mapping="true">
        <auth-realm classname="com.sun.enterprise.security.auth.realm.file.FileRealm" name="admin-realm">
          <property name="file" value="${com.sun.aas.instanceRoot}/config/admin-keyfile"></property>
          <property name="jaas-context" value="fileRealm"></property>
        </auth-realm>
        <auth-realm classname="com.sun.enterprise.security.auth.realm.file.FileRealm" name="file">
          <property name="file" value="${com.sun.aas.instanceRoot}/config/keyfile"></property>
          <property name="jaas-context" value="fileRealm"></property>
        </auth-realm>
        <auth-realm classname="com.sun.enterprise.security.auth.realm.certificate.CertificateRealm" name="certificate"></auth-realm>
        <auth-realm classname="com.sun.enterprise.security.auth.realm.jdbc.JDBCRealm" name="NotesRealm">
          <property name="jaas-context" value="jdbcRealm"></property>
          <property name="password-column" value="password"></property>
          <property name="datasource-jndi" value="jdbc/NotesDB"></property>
          <property name="group-table" value="nk_user_role"></property>
          <property name="user-table" value="nk_user"></property>
          <property name="group-name-column" value="rolename"></property>
          <property name="digestrealm-password-enc-algorithm" value="SHA-256"></property>
          <property name="user-name-column" value="username"></property>
          <property name="group-table-user-name-column" value="username"></property>
          <property name="charset" value="UTF-8"></property>
        </auth-realm>
        <jacc-provider policy-provider="com.sun.enterprise.security.provider.PolicyWrapper" name="default" policy-configuration-factory-provider="com.sun.enterprise.security.provider.PolicyConfigurationFactoryImpl">
          <property name="repository" value="${com.sun.aas.instanceRoot}/generated/policy"></property>
        </jacc-provider>
        <jacc-provider policy-provider="com.sun.enterprise.security.jacc.provider.SimplePolicyProvider" name="simple" policy-configuration-factory-provider="com.sun.enterprise.security.jacc.provider.SimplePolicyConfigurationFactory"></jacc-provider>
        <audit-module classname="com.sun.enterprise.security.ee.Audit" name="default">
          <property name="auditOn" value="false"></property>
        </audit-module>
        <message-security-config auth-layer="SOAP">
          <provider-config provider-type="client" provider-id="XWS_ClientProvider" class-name="com.sun.xml.wss.provider.ClientSecurityAuthModule">
            <request-policy auth-source="content"></request-policy>
            <response-policy auth-source="content"></response-policy>
            <property name="encryption.key.alias" value="s1as"></property>
            <property name="signature.key.alias" value="s1as"></property>
            <property name="dynamic.username.password" value="false"></property>
            <property name="debug" value="false"></property>
          </provider-config>
          <provider-config provider-type="client" provider-id="ClientProvider" class-name="com.sun.xml.wss.provider.ClientSecurityAuthModule">
            <request-policy auth-source="content"></request-policy>
            <response-policy auth-source="content"></response-policy>
            <property name="encryption.key.alias" value="s1as"></property>
            <property name="signature.key.alias" value="s1as"></property>
            <property name="dynamic.username.password" value="false"></property>
            <property name="debug" value="false"></property>
            <property name="security.config" value="${com.sun.aas.instanceRoot}/config/wss-server-config-1.0.xml"></property>
          </provider-config>
          <provider-config provider-type="server" provider-id="XWS_ServerProvider" class-name="com.sun.xml.wss.provider.ServerSecurityAuthModule">
            <request-policy auth-source="content"></request-policy>
            <response-policy auth-source="content"></response-policy>
            <property name="encryption.key.alias" value="s1as"></property>
            <property name="signature.key.alias" value="s1as"></property>
            <property name="debug" value="false"></property>
          </provider-config>
          <provider-config provider-type="server" provider-id="ServerProvider" class-name="com.sun.xml.wss.provider.ServerSecurityAuthModule">
            <request-policy auth-source="content"></request-policy>
            <response-policy auth-source="content"></response-policy>
            <property name="encryption.key.alias" value="s1as"></property>
            <property name="signature.key.alias" value="s1as"></property>
            <property name="debug" value="false"></property>
            <property name="security.config" value="${com.sun.aas.instanceRoot}/config/wss-server-config-1.0.xml"></property>
          </provider-config>
        </message-security-config>
        <message-security-config auth-layer="HttpServlet">
          <provider-config provider-type="server" provider-id="GFConsoleAuthModule" class-name="org.glassfish.admingui.common.security.AdminConsoleAuthModule">
            <request-policy auth-source="sender"></request-policy>
            <response-policy></response-policy>
            <property name="loginPage" value="/login.jsf"></property>
            <property name="loginErrorPage" value="/loginError.jsf"></property>
          </provider-config>
        </message-security-config>
        <property name="default-digest-algorithm" value="SHA-256"></property>
      </security-service>
      <java-config classpath-suffix="" debug-options="-agentlib:jdwp=transport=dt_socket,server=y,suspend=n,address=9009" system-classpath="">
        <jvm-options>-XX:MaxPermSize=192m</jvm-options>
        <jvm-options>-client</jvm-options>
        <jvm-options>-Djava.awt.headless=true</jvm-options>
        <jvm-options>-Djdk.corba.allowOutputStreamSubclass=true</jvm-options>
        <jvm-options>-Djavax.xml.accessExternalSchema=all</jvm-options>
        <jvm-options>-Djavax.management.builder.initial=com.sun.enterprise.v3.admin.AppServerMBeanServerBuilder</jvm-options>
        <jvm-options>-XX:+UnlockDiagnosticVMOptions</jvm-options>
        <jvm-options>-Djava.endorsed.dirs=${com.sun.aas.installRoot}/modules/endorsed${path.separator}${com.sun.aas.installRoot}/lib/endorsed</jvm-options>
        <jvm-options>-Djava.security.policy=${com.sun.aas.instanceRoot}/config/server.policy</jvm-options>
        <jvm-options>-Djava.security.auth.login.config=${com.sun.aas.instanceRoot}/config/login.conf</jvm-options>
        <jvm-options>-Dcom.sun.enterprise.security.httpsOutboundKeyAlias=s1as</jvm-options>
        <jvm-options>-Xmx512m</jvm-options>
        <jvm-options>-Djavax.net.ssl.keyStore=${com.sun.aas.instanceRoot}/config/keystore.jks</jvm-options>
        <jvm-options>-Djavax.net.ssl.trustStore=${com.sun.aas.instanceRoot}/config/cacerts.jks</jvm-options>
        <jvm-options>-Djava.ext.dirs=${com.sun.aas.javaRoot}/lib/ext${path.separator}${com.sun.aas.javaRoot}/jre/lib/ext${path.separator}${com.sun.aas.instanceRoot}/lib/ext</jvm-options>
        <jvm-options>-Djdbc.drivers=org.apache.derby.jdbc.ClientDriver</jvm-options>
        <jvm-options>-DANTLR_USE_DIRECT_CLASS_LOADING=true</jvm-options>
        <jvm-options>-Dcom.sun.enterprise.config.config_environment_factory_class=com.sun.enterprise.config.serverbeans.AppserverConfigEnvironmentFactory</jvm-options>
        <jvm-options>-Dorg.glassfish.additionalOSGiBundlesToStart=org.apache.felix.shell,org.apache.felix.gogo.runtime,org.apache.felix.gogo.shell,org.apache.felix.gogo.command,org.apache.felix.shell.remote,org.apache.felix.fileinstall</jvm-options>
        <jvm-options>-Dosgi.shell.telnet.port=6666</jvm-options>
        <jvm-options>-Dosgi.shell.telnet.maxconn=1</jvm-options>
        <jvm-options>-Dosgi.shell.telnet.ip=127.0.0.1</jvm-options>
        <jvm-options>-Dgosh.args=--nointeractive</jvm-options>
        <jvm-options>-Dfelix.fileinstall.dir=${com.sun.aas.installRoot}/modules/autostart/</jvm-options>
        <jvm-options>-Dfelix.fileinstall.poll=5000</jvm-options>
        <jvm-options>-Dfelix.fileinstall.log.level=2</jvm-options>
        <jvm-options>-Dfelix.fileinstall.bundles.new.start=true</jvm-options>
        <jvm-options>-Dfelix.fileinstall.bundles.startTransient=true</jvm-options>
        <jvm-options>-Dfelix.fileinstall.disableConfigSave=false</jvm-options>
        <jvm-options>-XX:NewRatio=2</jvm-options>
        <jvm-options>-Dcom.ctc.wstx.returnNullForDefaultNamespace=true</jvm-options>
        <jvm-options>-Djdk.tls.rejectClientInitiatedRenegotiation=true</jvm-options>
        <jvm-options>-Dorg.jboss.weld.serialization.beanIdentifierIndexOptimization=false</jvm-options>
      </java-config>
      <network-config>
        <protocols>
          <protocol name="http-listener-1">
            <http max-connections="250" default-virtual-server="server">
              <file-cache></file-cache>
            </http>
            <ssl></ssl>
          </protocol>
          <protocol name="http-listener-2" security-enabled="true">
            <http max-connections="250" default-virtual-server="server">
              <file-cache></file-cache>
            </http>
            <ssl classname="com.sun.enterprise.security.ssl.GlassfishSSLImpl" cert-nickname="s1as"></ssl>
          </protocol>
          <protocol name="admin-listener">
            <http encoded-slash-enabled="true" max-connections="250" default-virtual-server="__asadmin">
              <file-cache></file-cache>
            </http>
          </protocol>
        </protocols>
        <network-listeners>
          <network-listener protocol="http-listener-1" port="8080" name="http-listener-1" thread-pool="http-thread-pool" transport="tcp"></network-listener>
          <network-listener protocol="http-listener-2" port="8181" name="http-listener-2" thread-pool="http-thread-pool" transport="tcp"></network-listener>
          <network-listener protocol="admin-listener" port="4848" name="admin-listener" thread-pool="admin-thread-pool" transport="tcp"></network-listener>
        </network-listeners>
        <transports>
          <transport name="tcp"></transport>
        </transports>
      </network-config>
      <thread-pools>
        <thread-pool name="admin-thread-pool" min-thread-pool-size="1" max-queue-size="256" max-thread-pool-size="15"></thread-pool>
        <thread-pool name="http-thread-pool"></thread-pool>
        <thread-pool name="thread-pool-1" max-thread-pool-size="200"></thread-pool>
      </thread-pools>
      <group-management-service>
        <failure-detection></failure-detection>
      </group-management-service>
      <monitoring-service>
        <module-monitoring-levels></module-monitoring-levels>
      </monitoring-service>
      <availability-service></availability-service>
    </config>
    <config name="default-config">
      <http-service>
        <access-log></access-log>
        <virtual-server network-listeners="http-listener-1, http-listener-2" id="server">
          <property name="default-web-xml" value="${com.sun.aas.instanceRoot}/config/default-web.xml"></property>
        </virtual-server>
        <virtual-server network-listeners="admin-listener" id="__asadmin"></virtual-server>
      </http-service>
      <iiop-service>
        <orb use-thread-pool-ids="thread-pool-1"></orb>
        <iiop-listener address="0.0.0.0" port="${IIOP_LISTENER_PORT}" id="orb-listener-1"></iiop-listener>
        <ssl></ssl>
        <iiop-listener address="0.0.0.0" port="${IIOP_SSL_LISTENER_PORT}" id="SSL" security-enabled="true">
          <ssl classname="com.sun.enterprise.security.ssl.GlassfishSSLImpl" cert-nickname="s1as"></ssl>
        </iiop-listener>
        <iiop-listener address="0.0.0.0" port="${IIOP_SSL_MUTUALAUTH_PORT}" id="SSL_MUTUALAUTH" security-enabled="true">
          <ssl classname="com.sun.enterprise.security.ssl.GlassfishSSLImpl" cert-nickname="s1as" client-auth-enabled="true"></ssl>
        </iiop-listener>
      </iiop-service>
      <admin-service system-jmx-connector-name="system">
        <jmx-connector address="0.0.0.0" port="${JMX_SYSTEM_CONNECTOR_PORT}" name="system" auth-realm-name="admin-realm" security-enabled="false"></jmx-connector>
        <property name="adminConsoleDownloadLocation" value="${com.sun.aas.installRoot}/lib/install/applications/admingui.war"></property>
        <das-config></das-config>
      </admin-service>
      <web-container>
        <session-config>
          <session-manager>
            <manager-properties></manager-properties>
            <store-properties></store-properties>
          </session-manager>
          <session-properties></session-properties>
        </session-config>
      </web-container>
      <ejb-container>
        <ejb-timer-service></ejb-timer-service>
      </ejb-container>
      <mdb-container></mdb-container>
      <jms-service addresslist-behavior="priority" default-jms-host="default_JMS_host" type="EMBEDDED">
        <jms-host port="${JMS_PROVIDER_PORT}" host="localhost" name="default_JMS_host"></jms-host>
      </jms-service>
      <log-service file="${com.sun.aas.instanceRoot}/logs/server.log" log-rotation-limit-in-bytes="2000000">
        <module-log-levels></module-log-levels>
      </log-service>
      <security-service>
        <auth-realm classname="com.sun.enterprise.security.auth.realm.file.FileRealm" name="admin-realm">
          <property name="file" value="${com.sun.aas.instanceRoot}/config/admin-keyfile"></property>
          <property name="jaas-context" value="fileRealm"></property>
        </auth-realm>
        <auth-realm classname="com.sun.enterprise.security.auth.realm.file.FileRealm" name="file">
          <property name="file" value="${com.sun.aas.instanceRoot}/config/keyfile"></property>
          <property name="jaas-context" value="fileRealm"></property>
        </auth-realm>
        <auth-realm classname="com.sun.enterprise.security.auth.realm.certificate.CertificateRealm" name="certificate"></auth-realm>
        <jacc-provider policy-provider="com.sun.enterprise.security.provider.PolicyWrapper" name="default" policy-configuration-factory-provider="com.sun.enterprise.security.provider.PolicyConfigurationFactoryImpl">
          <property name="repository" value="${com.sun.aas.instanceRoot}/generated/policy"></property>
        </jacc-provider>
        <jacc-provider policy-provider="com.sun.enterprise.security.jacc.provider.SimplePolicyProvider" name="simple" policy-configuration-factory-provider="com.sun.enterprise.security.jacc.provider.SimplePolicyConfigurationFactory"></jacc-provider>
        <audit-module classname="com.sun.enterprise.security.ee.Audit" name="default">
          <property name="auditOn" value="false"></property>
        </audit-module>
        <message-security-config auth-layer="SOAP">
          <provider-config provider-type="client" provider-id="XWS_ClientProvider" class-name="com.sun.xml.wss.provider.ClientSecurityAuthModule">
            <request-policy auth-source="content"></request-policy>
            <response-policy auth-source="content"></response-policy>
            <property name="encryption.key.alias" value="s1as"></property>
            <property name="signature.key.alias" value="s1as"></property>
            <property name="dynamic.username.password" value="false"></property>
            <property name="debug" value="false"></property>
          </provider-config>
          <provider-config provider-type="client" provider-id="ClientProvider" class-name="com.sun.xml.wss.provider.ClientSecurityAuthModule">
            <request-policy auth-source="content"></request-policy>
            <response-policy auth-source="content"></response-policy>
            <property name="encryption.key.alias" value="s1as"></property>
            <property name="signature.key.alias" value="s1as"></property>
            <property name="dynamic.username.password" value="false"></property>
            <property name="debug" value="false"></property>
            <property name="security.config" value="${com.sun.aas.instanceRoot}/config/wss-server-config-1.0.xml"></property>
          </provider-config>
          <provider-config provider-type="server" provider-id="XWS_ServerProvider" class-name="com.sun.xml.wss.provider.ServerSecurityAuthModule">
            <request-policy auth-source="content"></request-policy>
            <response-policy auth-source="content"></response-policy>
            <property name="encryption.key.alias" value="s1as"></property>
            <property name="signature.key.alias" value="s1as"></property>
            <property name="debug" value="false"></property>
          </provider-config>
          <provider-config provider-type="server" provider-id="ServerProvider" class-name="com.sun.xml.wss.provider.ServerSecurityAuthModule">
            <request-policy auth-source="content"></request-policy>
            <response-policy auth-source="content"></response-policy>
            <property name="encryption.key.alias" value="s1as"></property>
            <property name="signature.key.alias" value="s1as"></property>
            <property name="debug" value="false"></property>
            <property name="security.config" value="${com.sun.aas.instanceRoot}/config/wss-server-config-1.0.xml"></property>
          </provider-config>
        </message-security-config>
      </security-service>
      <transaction-service automatic-recovery="true" tx-log-dir="${com.sun.aas.instanceRoot}/logs"></transaction-service>
      <hazelcast-runtime-configuration></hazelcast-runtime-configuration>
      <request-tracing-service-configuration>
        <log-notifier></log-notifier>
      </request-tracing-service-configuration>
      <notification-service-configuration>
        <log-notifier-configuration></log-notifier-configuration>
      </notification-service-configuration>
      <diagnostic-service></diagnostic-service>
      <java-config classpath-suffix="" debug-options="-agentlib:jdwp=transport=dt_socket,server=y,suspend=n,address=${JAVA_DEBUGGER_PORT}" system-classpath="">
        <jvm-options>-XX:MaxPermSize=192m</jvm-options>
        <jvm-options>-server</jvm-options>
        <jvm-options>-Djava.awt.headless=true</jvm-options>
        <jvm-options>-Djdk.corba.allowOutputStreamSubclass=true</jvm-options>
        <jvm-options>-XX:+UnlockDiagnosticVMOptions</jvm-options>
        <jvm-options>-Djava.endorsed.dirs=${com.sun.aas.installRoot}/modules/endorsed${path.separator}${com.sun.aas.installRoot}/lib/endorsed</jvm-options>
        <jvm-options>-Djava.security.policy=${com.sun.aas.instanceRoot}/config/server.policy</jvm-options>
        <jvm-options>-Djava.security.auth.login.config=${com.sun.aas.instanceRoot}/config/login.conf</jvm-options>
        <jvm-options>-Dcom.sun.enterprise.security.httpsOutboundKeyAlias=s1as</jvm-options>
        <jvm-options>-Djavax.net.ssl.keyStore=${com.sun.aas.instanceRoot}/config/keystore.jks</jvm-options>
        <jvm-options>-Djavax.net.ssl.trustStore=${com.sun.aas.instanceRoot}/config/cacerts.jks</jvm-options>
        <jvm-options>-Djava.ext.dirs=${com.sun.aas.javaRoot}/lib/ext${path.separator}${com.sun.aas.javaRoot}/jre/lib/ext${path.separator}${com.sun.aas.instanceRoot}/lib/ext</jvm-options>
        <jvm-options>-Djdbc.drivers=org.apache.derby.jdbc.ClientDriver</jvm-options>
        <jvm-options>-DANTLR_USE_DIRECT_CLASS_LOADING=true</jvm-options>
        <jvm-options>-Dcom.sun.enterprise.config.config_environment_factory_class=com.sun.enterprise.config.serverbeans.AppserverConfigEnvironmentFactory</jvm-options>
        <jvm-options>-XX:NewRatio=2</jvm-options>
        <jvm-options>-Xmx512m</jvm-options>
        <jvm-options>-Dorg.glassfish.additionalOSGiBundlesToStart=org.apache.felix.shell,org.apache.felix.gogo.runtime,org.apache.felix.gogo.shell,org.apache.felix.gogo.command,org.apache.felix.fileinstall</jvm-options>
        <jvm-options>-Dosgi.shell.telnet.port=${OSGI_SHELL_TELNET_PORT}</jvm-options>
        <jvm-options>-Dosgi.shell.telnet.maxconn=1</jvm-options>
        <jvm-options>-Dosgi.shell.telnet.ip=127.0.0.1</jvm-options>
        <jvm-options>-Dgosh.args=--nointeractive</jvm-options>
        <jvm-options>-Dfelix.fileinstall.dir=${com.sun.aas.installRoot}/modules/autostart/</jvm-options>
        <jvm-options>-Dfelix.fileinstall.poll=5000</jvm-options>
        <jvm-options>-Dfelix.fileinstall.log.level=3</jvm-options>
        <jvm-options>-Dfelix.fileinstall.bundles.new.start=true</jvm-options>
        <jvm-options>-Dfelix.fileinstall.bundles.startTransient=true</jvm-options>
        <jvm-options>-Dfelix.fileinstall.disableConfigSave=false</jvm-options>
        <jvm-options>-Djdk.tls.rejectClientInitiatedRenegotiation=true</jvm-options>
        <jvm-options>-Dorg.jboss.weld.serialization.beanIdentifierIndexOptimization=false</jvm-options>
      </java-config>
      <availability-service>
        <web-container-availability></web-container-availability>
        <ejb-container-availability sfsb-store-pool-name="jdbc/hastore"></ejb-container-availability>
        <jms-availability></jms-availability>
      </availability-service>
      <network-config>
        <protocols>
          <protocol name="http-listener-1">
            <http default-virtual-server="server">
              <file-cache></file-cache>
            </http>
            <ssl></ssl>
          </protocol>
          <protocol name="http-listener-2" security-enabled="true">
            <http default-virtual-server="server">
              <file-cache></file-cache>
            </http>
            <ssl classname="com.sun.enterprise.security.ssl.GlassfishSSLImpl" cert-nickname="s1as"></ssl>
          </protocol>
          <protocol name="admin-listener">
            <http max-connections="250" default-virtual-server="__asadmin">
              <file-cache></file-cache>
            </http>
          </protocol>
          <protocol name="sec-admin-listener" security-enabled="true">
            <http encoded-slash-enabled="true" default-virtual-server="__asadmin">
              <file-cache></file-cache>
            </http>
            <ssl classname="com.sun.enterprise.security.ssl.GlassfishSSLImpl" client-auth="want" cert-nickname="glassfish-instance" renegotiate-on-client-auth-want="false"></ssl>
          </protocol>
          <protocol name="admin-http-redirect">
            <http-redirect secure="true"></http-redirect>
          </protocol>
          <protocol name="pu-protocol">
            <port-unification>
              <protocol-finder protocol="sec-admin-listener" classname="org.glassfish.grizzly.config.portunif.HttpProtocolFinder" name="http-finder"></protocol-finder>
              <protocol-finder protocol="admin-http-redirect" classname="org.glassfish.grizzly.config.portunif.HttpProtocolFinder" name="admin-http-redirect"></protocol-finder>
            </port-unification>
          </protocol>
        </protocols>
        <network-listeners>
          <network-listener protocol="http-listener-1" port="${HTTP_LISTENER_PORT}" name="http-listener-1" thread-pool="http-thread-pool" transport="tcp"></network-listener>
          <network-listener protocol="http-listener-2" port="${HTTP_SSL_LISTENER_PORT}" name="http-listener-2" thread-pool="http-thread-pool" transport="tcp"></network-listener>
          <network-listener protocol="pu-protocol" port="${ASADMIN_LISTENER_PORT}" name="admin-listener" thread-pool="admin-thread-pool" transport="tcp"></network-listener>
        </network-listeners>
        <transports>
          <transport name="tcp"></transport>
        </transports>
      </network-config>
      <thread-pools>
        <thread-pool name="http-thread-pool"></thread-pool>
        <thread-pool name="thread-pool-1" max-thread-pool-size="200"></thread-pool>
        <thread-pool name="admin-thread-pool" min-thread-pool-size="1" max-queue-size="256" max-thread-pool-size="15"></thread-pool>
      </thread-pools>
      <group-management-service>
        <failure-detection></failure-detection>
      </group-management-service>
      <system-property name="JMS_PROVIDER_PORT" description="Port Number that JMS Service will listen for remote clients connection." value="27676"></system-property>
      <system-property name="ASADMIN_LISTENER_PORT" value="24848"></system-property>
      <system-property name="HTTP_LISTENER_PORT" value="28080"></system-property>
      <system-property name="HTTP_SSL_LISTENER_PORT" value="28181"></system-property>
      <system-property name="IIOP_LISTENER_PORT" value="23700"></system-property>
      <system-property name="IIOP_SSL_LISTENER_PORT" value="23820"></system-property>
      <system-property name="IIOP_SSL_MUTUALAUTH_PORT" value="23920"></system-property>
      <system-property name="JMX_SYSTEM_CONNECTOR_PORT" value="28686"></system-property>
      <system-property name="OSGI_SHELL_TELNET_PORT" value="26666"></system-property>
      <system-property name="JAVA_DEBUGGER_PORT" value="29009"></system-property>
      <monitoring-service>
        <module-monitoring-levels></module-monitoring-levels>
      </monitoring-service>
    </config>
  </configs>
  <property name="administrative.domain.name" value="domain1"></property>
  <secure-admin special-admin-indicator="2ce9132b-ee96-4a2e-a37a-0ab5caee5fed">
    <secure-admin-principal dn="CN=localhost,OU=GlassFish,O=Oracle Corporation,L=Santa Clara,ST=California,C=US"></secure-admin-principal>
    <secure-admin-principal dn="CN=localhost-instance,OU=GlassFish,O=Oracle Corporation,L=Santa Clara,ST=California,C=US"></secure-admin-principal>
  </secure-admin>
  <clusters></clusters>
  <applications>
    <application context-root="/Week 11 Demo - JavaMail" object-type="user" name="Week_11_Demo_-_JavaMail" directory-deployed="true" location="file:/C:/Users/689626/Documents/NetBeansProjects/Week%2011%20Demo%20-%20JavaMail/build/web/">
      <property name="archiveType" value="war"></property>
      <property name="appLocation" value="file:/C:/Users/689626/Documents/NetBeansProjects/Week%2011%20Demo%20-%20JavaMail/build/web/"></property>
      <property name="defaultAppName" value="web"></property>
      <property name="keepSessions" value="true"></property>
      <module name="Week_11_Demo_-_JavaMail">
        <engine sniffer="jpa"></engine>
        <engine sniffer="resources"></engine>
        <engine sniffer="security"></engine>
        <engine sniffer="web"></engine>
      </module>
      <resources>
        <jdbc-connection-pool datasource-classname="com.mysql.jdbc.jdbc2.optional.MysqlDataSource" name="java:app/mysql_notesdb_rootPool" wrap-jdbc-objects="false" connection-validation-method="auto-commit" res-type="javax.sql.DataSource">
          <property name="URL" value="jdbc:mysql://localhost:3306/notesdb?zeroDateTimeBehavior=convertToNull"></property>
          <property name="driverClass" value="com.mysql.jdbc.Driver"></property>
          <property name="Password" value="password"></property>
          <property name="portNumber" value="3306"></property>
          <property name="databaseName" value="notesdb"></property>
          <property name="User" value="root"></property>
          <property name="serverName" value="localhost"></property>
        </jdbc-connection-pool>
        <jdbc-resource pool-name="java:app/mysql_notesdb_rootPool" jndi-name="java:app/jdbc/NotesDB"></jdbc-resource>
      </resources>
    </application>
    <application context-root="/Assignment4" object-type="user" name="Assignment4" directory-deployed="true" location="file:/C:/Users/689626/Documents/NetBeansProjects/Assignment4/build/web/">
      <property name="archiveType" value="war"></property>
      <property name="appLocation" value="file:/C:/Users/689626/Documents/NetBeansProjects/Assignment4/build/web/"></property>
      <property name="defaultAppName" value="web"></property>
      <property name="keepSessions" value="true"></property>
      <module name="Assignment4">
        <engine sniffer="jpa"></engine>
        <engine sniffer="resources"></engine>
        <engine sniffer="security"></engine>
        <engine sniffer="web"></engine>
      </module>
      <resources>
        <jdbc-connection-pool datasource-classname="com.mysql.jdbc.jdbc2.optional.MysqlDataSource" name="java:app/mysql_notesdb_rootPool" wrap-jdbc-objects="false" connection-validation-method="auto-commit" res-type="javax.sql.DataSource">
          <property name="URL" value="jdbc:mysql://localhost:3306/notesdb?zeroDateTimeBehavior=convertToNull"></property>
          <property name="driverClass" value="com.mysql.jdbc.Driver"></property>
          <property name="Password" value="password"></property>
          <property name="portNumber" value="3306"></property>
          <property name="databaseName" value="notesdb"></property>
          <property name="User" value="root"></property>
          <property name="serverName" value="localhost"></property>
        </jdbc-connection-pool>
        <jdbc-resource pool-name="java:app/mysql_notesdb_rootPool" jndi-name="java:app/jdbc/NotesDB"></jdbc-resource>
      </resources>
    </application>
    <application object-type="user" directory-deployed="true" name="demo-ear" location="${com.sun.aas.instanceRootURI}/eclipseApps/demo-ear/">
      <property name="archiveType" value="ear"></property>
      <property name="org.glassfish.ejb.startup.keepstate" value="true"></property>
      <property name="keepstate" value="true"></property>
      <property name="isComposite" value="true"></property>
      <property name="appLocation" value="${com.sun.aas.instanceRootURI}/eclipseApps/demo-ear/"></property>
      <property name="org.glassfish.ejb.container.application_unique_id" value="96996277451096064"></property>
      <property name="defaultAppName" value="demo-ear"></property>
      <module name="demo-web.war">
        <engine sniffer="ejb"></engine>
        <engine sniffer="security"></engine>
        <engine sniffer="weld"></engine>
        <engine sniffer="web"></engine>
      </module>
      <module name="demo-ejb.jar">
        <engine sniffer="ejb"></engine>
        <engine sniffer="security"></engine>
        <engine sniffer="weld"></engine>
        <engine sniffer="jpa"></engine>
        <property name="org.glassfish.persistence.app_name_property" value="demo-ear"></property>
      </module>
      <engine sniffer="ear"></engine>
    </application>
  </applications>
</domain>