<?xml version="1.0" encoding="UTF-8"?>
<application xmlns="http://xmlns.jcp.org/xml/ns/javaee" xmlns:xsi="http://www.w3.org/2001/XMLSchema-instance" xsi:schemaLocation="http://xmlns.jcp.org/xml/ns/javaee http://xmlns.jcp.org/xml/ns/javaee/application_7.xsd" version="7">
  <display-name>demo-ear</display-name>
  <module>
    <web>
      <web-uri>demo-web.war</web-uri>
      <context-root>/demo-web</context-root>
    </web>
  </module>
  <module>
    <ejb>demo-ejb.jar</ejb>
  </module>
  <library-directory>lib</library-directory>
</application>